<?xml version="1.0" encoding="UTF-8" standalone="yes"?>
<manifest>
  <control namespace="ccaefiss" constructor="DecimalRoundingControl" version="0.0.1" display-name-key="DecimalRoundingControl" description-key="DecimalRoundingControl description" control-type="virtual" api-version="1.3.5">
    <external-service-usage enabled="false"/>
    <property name="boundField" display-name-key="Bound Field" description-key="Field" of-type="Whole.None" usage="bound" required="true"/>
    <property name="roundDirection" display-name-key="Rounding Direction" description-key="up or down`" of-type="SingleLine.Text" usage="input" required="true"/>
    <resources>
      <code path="bundle.js" order="1"/>
      <platform-library name="React" version="16.8.6"/>
      <platform-library name="Fluent" version="8.29.0"/>
    </resources>
    <built-by name="pac" version="1.26.5"/>
  </control>
</manifest>